{"66.jpg": 4.135999915888533e-05, "75.jpg": 5.1757101573457476e-06, "49.jpg": 0.9984191656112671, "39.jpg": 0.9999361038208008, "1.jpg": 0.9999997615814209, "97.jpg": 0.4150814116001129, "47.jpg": 0.9999706745147705, "6.jpg": 0.9360589981079102, "44.jpg": 2.0888523977191653e-06, "23.jpg": 5.451114338939078e-05, "18.jpg": 0.9694228768348694, "64.jpg": 1.0, "5.jpg": 4.983193775842665e-06, "9.jpg": 1.3136863117324538e-06, "37.jpg": 1.0, "22.jpg": 0.0002624726912472397, "77.jpg": 0.9994080066680908, "3.jpg": 1.0, "48.jpg": 1.0, "58.jpg": 5.063042408437468e-05, "25.jpg": 1.0, "8.jpg": 0.9581727385520935, "61.jpg": 1.0, "96.jpg": 0.9999979734420776, "2.jpg": 1.0, "43.jpg": 5.638805760099785e-06, "27.jpg": 3.1248186132870615e-05, "10.jpg": 1.0, "62.jpg": 4.879062089457875e-06, "34.jpg": 0.9949323534965515, "83.jpg": 1.0, "36.jpg": 0.005894018337130547, "54.jpg": 3.792544157477096e-05, "82.jpg": 9.677602065494284e-06, "51.jpg": 1.0, "86.jpg": 1.0, "45.jpg": 2.8637008654186502e-05, "20.jpg": 0.9968183040618896, "33.jpg": 8.363477536477149e-05, "73.jpg": 1.0, "12.jpg": 0.9923354983329773, "98.jpg": 0.9973779916763306, "65.jpg": 6.145756742625963e-06, "4.jpg": 1.0, "13.jpg": 1.0, "92.jpg": 1.0, "24.jpg": 1.0, "94.jpg": 0.9999910593032837, "26.jpg": 1.0, "90.jpg": 0.9999998807907104, "7.jpg": 1.0, "32.jpg": 0.7823508381843567, "52.jpg": 1.0, "88.jpg": 0.999841570854187, "76.jpg": 1.0, "57.jpg": 7.787541107973084e-06, "93.jpg": 3.042088974325452e-05, "69.jpg": 1.0, "28.jpg": 1.0, "63.jpg": 1.0, "84.jpg": 1.0, "30.jpg": 0.9999997615814209, "72.jpg": 1.8579934476292692e-05, "21.jpg": 2.484557444404345e-05, "87.jpg": 7.330400876526255e-06, "46.jpg": 0.9273151755332947, "95.jpg": 5.412606697063893e-05, "29.jpg": 9.286496788263321e-05, "31.jpg": 1.3126732483215164e-05, "15.jpg": 1.0, "55.jpg": 2.4556542484788224e-05, "40.jpg": 9.855739335762337e-06, "81.jpg": 1.0, "85.jpg": 1.797328150132671e-05, "53.jpg": 0.9999998807907104, "60.jpg": 0.9594712257385254, "67.jpg": 1.0, "56.jpg": 1.268965752387885e-05, "89.jpg": 2.3438692551280838e-06, "16.jpg": 0.8873513340950012, "38.jpg": 6.294290506048128e-05, "19.jpg": 1.0, "50.jpg": 1.0, "11.jpg": 1.0, "42.jpg": 0.9999972581863403, "59.jpg": 2.10196685657138e-05, "70.jpg": 4.991660262021469e-06, "79.jpg": 0.9999997615814209, "74.jpg": 1.0, "68.jpg": 9.861425951385172e-07, "41.jpg": 0.9996001124382019, "80.jpg": 0.48050519824028015, "14.jpg": 0.955916702747345, "78.jpg": 0.00015610168338753283, "91.jpg": 1.469739345338894e-05, "17.jpg": 2.3256681743077934e-05, "71.jpg": 5.2148261602269486e-06, "35.jpg": 2.8742342692567036e-05}